NLQ,PRED SQL,GOLD SQL,OUTPUT PRED,OUTPUT GOLD
How many patients under a hematology lab test category have intraoperative cardiac pacemaker?,"SELECT count(*) FROM Lab WHERE CATEGORY  =  'Hematology' AND VALUE_UNIT  =  ""Intraoperative cardiac pacemaker""","SELECT COUNT ( DISTINCT DEMOGRAPHIC.""SUBJECT_ID"" ) FROM DEMOGRAPHIC INNER JOIN PROCEDURES on DEMOGRAPHIC.HADM_ID = PROCEDURES.HADM_ID INNER JOIN LAB on DEMOGRAPHIC.HADM_ID = LAB.HADM_ID WHERE PROCEDURES.""LONG_TITLE"" = ""Intraoperative cardiac pacemaker"" AND LAB.""CATEGORY"" = ""Hematology""","[(0,)]","[(1,)]"
give the number of patients whose insurance is medicaid and diagnosis short title is drug induced neutropenia.,SELECT count(DISTINCT T1.SUBJECT_ID) FROM Demographic AS T1 JOIN Diagnoses AS T2 ON T1.HADM_ID  =  T2.HADM_ID WHERE T1.INSURANCE  =  'medicaid' AND T2.SHORT_TITLE  =  'drug induced neutropenia',"SELECT COUNT ( DISTINCT DEMOGRAPHIC.""SUBJECT_ID"" ) FROM DEMOGRAPHIC INNER JOIN DIAGNOSES on DEMOGRAPHIC.HADM_ID = DIAGNOSES.HADM_ID WHERE DEMOGRAPHIC.""INSURANCE"" = ""Medicaid"" AND DIAGNOSES.""SHORT_TITLE"" = ""Drug induced neutropenia""","[(0,)]","[(0,)]"
find the number of patients whose hospital stay is more than 6 days.,SELECT count(*) FROM Demographic WHERE DAYS_STAY  >  6,"SELECT COUNT ( DISTINCT DEMOGRAPHIC.""SUBJECT_ID"" ) FROM DEMOGRAPHIC WHERE DEMOGRAPHIC.""DAYS_STAY"" > ""6""","[(45,)]","[(45,)]"
provide the number of patients with lab test item id 50803 and delta lab test abnormal status.,SELECT count(*) FROM Lab WHERE ITEMID  =  50803 AND FLAG  =  'abnormal',"SELECT COUNT ( DISTINCT DEMOGRAPHIC.""SUBJECT_ID"" ) FROM DEMOGRAPHIC INNER JOIN LAB on DEMOGRAPHIC.HADM_ID = LAB.HADM_ID WHERE LAB.""ITEMID"" = ""50803"" AND LAB.""FLAG"" = ""delta""","[(2,)]","[(0,)]"
find the number of patients whose drug code is dapt500i and lab test fluid is ascites.,SELECT count(DISTINCT T1.SUBJECT_ID) FROM Demographic AS T1 JOIN Prescriptions AS T2 ON T1.HADM_ID  =  T2.HADM_ID JOIN Lab AS T3 ON T1.HADM_ID  =  T3.HADM_ID WHERE T2.DRUG_TYPE  =  'dapt500i' AND T3.FLUID  =  'ascites',"SELECT COUNT ( DISTINCT DEMOGRAPHIC.""SUBJECT_ID"" ) FROM DEMOGRAPHIC INNER JOIN PRESCRIPTIONS on DEMOGRAPHIC.HADM_ID = PRESCRIPTIONS.HADM_ID INNER JOIN LAB on DEMOGRAPHIC.HADM_ID = LAB.HADM_ID WHERE PRESCRIPTIONS.""FORMULARY_DRUG_CD"" = ""DAPT500I"" AND LAB.""FLUID"" = ""Ascites""","[(0,)]","[(1,)]"
how many patients are with admission location transfer from hosp/extram and their lab test fluid is joint fluid?,SELECT count(DISTINCT T1.SUBJECT_ID) FROM Demographic AS T1 JOIN Lab AS T2 ON T1.SUBJECT_ID  =  T2.SUBJECT_ID WHERE T1.ADMISSION_LOCATION  =  'hosp/extram' AND T2.FLUID  =  'joint fluid',"SELECT COUNT ( DISTINCT DEMOGRAPHIC.""SUBJECT_ID"" ) FROM DEMOGRAPHIC INNER JOIN LAB on DEMOGRAPHIC.HADM_ID = LAB.HADM_ID WHERE DEMOGRAPHIC.""ADMISSION_LOCATION"" = ""TRANSFER FROM HOSP/EXTRAM"" AND LAB.""FLUID"" = ""Joint Fluid""","[(0,)]","[(0,)]"
how many patients whose language is spanish are aged below 83 years?,SELECT count(*) FROM Demographic WHERE LANGUAGE  =  'Spanish' AND AGE  <  83,"SELECT COUNT ( DISTINCT DEMOGRAPHIC.""SUBJECT_ID"" ) FROM DEMOGRAPHIC WHERE DEMOGRAPHIC.""LANGUAGE"" = ""SPAN"" AND DEMOGRAPHIC.""AGE"" < ""83""","[(0,)]","[(2,)]"
what is the admission time of Kelly Gallardo?,SELECT ADMITTIME FROM Demographic WHERE NAME  =  'Kelly Gallardo',"SELECT DEMOGRAPHIC.""ADMITTIME"" FROM DEMOGRAPHIC WHERE DEMOGRAPHIC.""NAME"" = ""Kelly Gallardo""","[('2184-09-06 23:03:00',)]","[('2184-09-06 23:03:00',)]"
how many of the patients had icd9 code 9229?,SELECT count(DISTINCT T1.SUBJECT_ID) FROM Demographic AS T1 JOIN Diagnoses AS T2 ON T1.HADM_ID  =  T2.HADM_ID WHERE T2.ICD9_CODE  =  9229,"SELECT COUNT ( DISTINCT DEMOGRAPHIC.""SUBJECT_ID"" ) FROM DEMOGRAPHIC INNER JOIN PROCEDURES on DEMOGRAPHIC.HADM_ID = PROCEDURES.HADM_ID WHERE PROCEDURES.""ICD9_CODE"" = ""9229""","[(0,)]","[(1,)]"
what number of patients with elective admission type had procedure title  (aorto)coronary bypass of three coronary arteries?,SELECT count(DISTINCT T1.SUBJECT_ID) FROM Demographic AS T1 JOIN Procedures AS T2 ON T1.HADM_ID  =  T2.HADM_ID WHERE T1.ADMISSION_TYPE  =  'elective' AND T2.LONG_TITLE  =  '(aorto)coronary bypass of three coronary arteries',"SELECT COUNT ( DISTINCT DEMOGRAPHIC.""SUBJECT_ID"" ) FROM DEMOGRAPHIC INNER JOIN PROCEDURES on DEMOGRAPHIC.HADM_ID = PROCEDURES.HADM_ID WHERE DEMOGRAPHIC.""ADMISSION_TYPE"" = ""ELECTIVE"" AND PROCEDURES.""LONG_TITLE"" = ""(Aorto)coronary bypass of three coronary arteries""","[(0,)]","[(2,)]"
how many patients born before 2104 had drug route as td?,"SELECT count(DISTINCT T1.SUBJECT_ID) FROM Demographic AS T1 JOIN Prescriptions AS T2 ON T1.HADM_ID  =  T2.HADM_ID WHERE T1.DOB_YEAR  <  2104 AND T2.ROUTE  =  ""td""","SELECT COUNT ( DISTINCT DEMOGRAPHIC.""SUBJECT_ID"" ) FROM DEMOGRAPHIC INNER JOIN PRESCRIPTIONS on DEMOGRAPHIC.HADM_ID = PRESCRIPTIONS.HADM_ID WHERE DEMOGRAPHIC.""DOB_YEAR"" < ""2104"" AND PRESCRIPTIONS.""ROUTE"" = ""TD""","[(0,)]","[(3,)]"
how many of the female patients had sdh as the primary disease?,"SELECT count(DISTINCT T1.SUBJECT_ID) FROM Demographic AS T1 JOIN Diagnoses AS T2 ON T1.HADM_ID  =  T2.HADM_ID WHERE T1.GENDER  =  ""female"" AND T2.ICD9_CODE  =  ""sdh"" GROUP BY T1.SUBJECT_ID","SELECT COUNT ( DISTINCT DEMOGRAPHIC.""SUBJECT_ID"" ) FROM DEMOGRAPHIC WHERE DEMOGRAPHIC.""GENDER"" = ""F"" AND DEMOGRAPHIC.""DIAGNOSIS"" = ""SDH""",[],"[(0,)]"
what is the age and gender of Cynthia Gomez?,"SELECT AGE ,  GENDER FROM Demographic WHERE NAME  =  'Cynthia Gomez'","SELECT DEMOGRAPHIC.""AGE"",DEMOGRAPHIC.""GENDER"" FROM DEMOGRAPHIC WHERE DEMOGRAPHIC.""NAME"" = ""Cynthia Gomez""","[(76, 'F')]","[(76, 'F')]"
"Among patients who had sigmoid diverticulitis colovestical fistula/sda as their primary disease, calculate the maximum age of those with unspecified death status",SELECT max(AGE) FROM Demographic WHERE DIAGNOSIS  =  'sigmoid diverticulitis colovestical fistula/sda' AND EXPIRE_FLAG  =  'unspecified',"SELECT MAX ( DEMOGRAPHIC.""AGE"" ) FROM DEMOGRAPHIC WHERE DEMOGRAPHIC.""EXPIRE_FLAG"" = ""0"" AND DEMOGRAPHIC.""DIAGNOSIS"" = ""SIGMOID DIVERTICULITIS, COLOVESTICAL FISTULA/SDA""","[(None,)]","[(62,)]"
specify the age of patient paul dunn along-with gender.,"SELECT AGE ,  GENDER FROM Demographic WHERE NAME  =  'paul dunn'","SELECT DEMOGRAPHIC.""AGE"",DEMOGRAPHIC.""GENDER"" FROM DEMOGRAPHIC WHERE DEMOGRAPHIC.""NAME"" = ""Paul Dunn""",[],"[(68, 'M')]"
get the number of black/african american patients who are under 80 years of age.,SELECT count(*) FROM Demographic WHERE ETHNICITY  =  'black/african american' AND AGE  <  80,"SELECT COUNT ( DISTINCT DEMOGRAPHIC.""SUBJECT_ID"" ) FROM DEMOGRAPHIC WHERE DEMOGRAPHIC.""ETHNICITY"" = ""BLACK/AFRICAN AMERICAN"" AND DEMOGRAPHIC.""AGE"" < ""80""","[(0,)]","[(6,)]"
what is the number of patients whose admission location is emergency room admit and with procedure closed biopsy of tongue?,SELECT count(DISTINCT T1.SUBJECT_ID) FROM Demographic AS T1 JOIN Procedures AS T2 ON T1.HADM_ID  =  T2.HADM_ID WHERE T1.ADMISSION_LOCATION  =  'emergency room admit' AND T2.ICD9_CODE  =  'closed biopsy of tongue',"SELECT COUNT ( DISTINCT DEMOGRAPHIC.""SUBJECT_ID"" ) FROM DEMOGRAPHIC INNER JOIN PROCEDURES on DEMOGRAPHIC.HADM_ID = PROCEDURES.HADM_ID WHERE DEMOGRAPHIC.""ADMISSION_LOCATION"" = ""EMERGENCY ROOM ADMIT"" AND PROCEDURES.""SHORT_TITLE"" = ""Closed biopsy of tongue""","[(0,)]","[(0,)]"
give the number of patients who died in or before year 2115 with a drug name docusate sodium (liquid).,SELECT count(DISTINCT T1.SUBJECT_ID) FROM Prescriptions AS T1 JOIN Demographic AS T2 ON T1.SUBJECT_ID  =  T2.SUBJECT_ID WHERE T1.DRUG  =  'docusate sodium (liquid)' AND T2.DOD_YEAR  <=  2115,"SELECT COUNT ( DISTINCT DEMOGRAPHIC.""SUBJECT_ID"" ) FROM DEMOGRAPHIC INNER JOIN PRESCRIPTIONS on DEMOGRAPHIC.HADM_ID = PRESCRIPTIONS.HADM_ID WHERE DEMOGRAPHIC.""DOD_YEAR"" <= ""2115.0"" AND PRESCRIPTIONS.""DRUG"" = ""Docusate Sodium (Liquid)""","[(0,)]","[(1,)]"
how many patients admitted before 2162 had procedure title int insert dual- cham dev?,SELECT count(DISTINCT T1.SUBJECT_ID) FROM Demographic AS T1 JOIN Procedures AS T2 ON T1.HADM_ID  =  T2.HADM_ID WHERE T1.ADMITTIME  <  2162 AND T2.LONG_TITLE  =  'int insert dual- cham dev',"SELECT COUNT ( DISTINCT DEMOGRAPHIC.""SUBJECT_ID"" ) FROM DEMOGRAPHIC INNER JOIN PROCEDURES on DEMOGRAPHIC.HADM_ID = PROCEDURES.HADM_ID WHERE DEMOGRAPHIC.""ADMITYEAR"" < ""2162"" AND PROCEDURES.""SHORT_TITLE"" = ""Int insert dual-cham dev""","[(0,)]","[(1,)]"
Count the male patients with a black/cape verdean ethnic background.,SELECT count(*) FROM Demographic WHERE ETHNICITY  =  'black/cape verdean' AND GENDER  =  'male',"SELECT COUNT ( DISTINCT DEMOGRAPHIC.""SUBJECT_ID"" ) FROM DEMOGRAPHIC WHERE DEMOGRAPHIC.""GENDER"" = ""M"" AND DEMOGRAPHIC.""ETHNICITY"" = ""BLACK/CAPE VERDEAN""","[(0,)]","[(2,)]"
how many patients are admitted in location under phys referral/normal deli and diagnosed with icd9 code e9530?,SELECT count(DISTINCT T1.SUBJECT_ID) FROM Demographic AS T1 JOIN Diagnoses AS T2 ON T1.HADM_ID  =  T2.HADM_ID WHERE T1.ADMISSION_LOCATION  =  'under phys referral/normal deli' AND T1.ADMISSION_TYPE  =  'Normal Delivery' AND T2.ICD9_CODE  =  'e9530',"SELECT COUNT ( DISTINCT DEMOGRAPHIC.""SUBJECT_ID"" ) FROM DEMOGRAPHIC INNER JOIN DIAGNOSES on DEMOGRAPHIC.HADM_ID = DIAGNOSES.HADM_ID WHERE DEMOGRAPHIC.""ADMISSION_LOCATION"" = ""PHYS REFERRAL/NORMAL DELI"" AND DIAGNOSES.""ICD9_CODE"" = ""E9530""","[(0,)]","[(0,)]"
Find the number of patients diagnosed with wegener's granulomatosis who had a hematology lab test.,SELECT count(DISTINCT T2.HADM_ID) FROM lab AS T1 JOIN diagnoses AS T2 ON T1.HADM_ID  =  T2.HADM_ID WHERE T1.itemid  =  'hematology lab test' AND T2.ICD9_CODE  =  'wegener''s granulomatosis',"SELECT COUNT ( DISTINCT DEMOGRAPHIC.""SUBJECT_ID"" ) FROM DEMOGRAPHIC INNER JOIN DIAGNOSES on DEMOGRAPHIC.HADM_ID = DIAGNOSES.HADM_ID INNER JOIN LAB on DEMOGRAPHIC.HADM_ID = LAB.HADM_ID WHERE DIAGNOSES.""LONG_TITLE"" = ""Wegener's granulomatosis"" AND LAB.""CATEGORY"" = ""Hematology""","[(0,)]","[(1,)]"
count the number of patients whose diagnosis long title is morbid obesity and the lab test category is chemistry.,SELECT count(DISTINCT T1.SUBJECT_ID) FROM Demographic AS T1 JOIN Diagnoses AS T2 ON T1.HADM_ID  =  T2.HADM_ID JOIN Lab AS T3 ON T1.HADM_ID  =  T3.HADM_ID WHERE T2.LONG_TITLE  =  'morbid obesity' AND T3.CATEGORY  =  'chemistry',"SELECT COUNT ( DISTINCT DEMOGRAPHIC.""SUBJECT_ID"" ) FROM DEMOGRAPHIC INNER JOIN DIAGNOSES on DEMOGRAPHIC.HADM_ID = DIAGNOSES.HADM_ID INNER JOIN LAB on DEMOGRAPHIC.HADM_ID = LAB.HADM_ID WHERE DIAGNOSES.""LONG_TITLE"" = ""Morbid obesity"" AND LAB.""CATEGORY"" = ""Chemistry""","[(0,)]","[(2,)]"
How many of the patients with guillain barre syndrome as their primary disease died in or before 2164?,SELECT count(DISTINCT T1.SUBJECT_ID) FROM Demographic AS T1 JOIN Diagnoses AS T2 ON T1.HADM_ID  =  T2.HADM_ID WHERE T1.DOD  <=  2164 AND T2.ICD9_CODE  =  'guillain barre syndrome',"SELECT COUNT ( DISTINCT DEMOGRAPHIC.""SUBJECT_ID"" ) FROM DEMOGRAPHIC WHERE DEMOGRAPHIC.""DIAGNOSIS"" = ""GUILLAIN BARRE SYNDROME"" AND DEMOGRAPHIC.""DOD_YEAR"" <= ""2164.0""","[(0,)]","[(0,)]"
how many patients died in or before 2115 and lab test name hyaline casts?,SELECT count(DISTINCT T1.DOD) FROM Demographic AS T1 JOIN Lab AS T2 ON T1.HADM_ID  =  T2.HADM_ID WHERE T1.DOD  <=  2115 AND T2.LABEL  =  'hyaline casts',"SELECT COUNT ( DISTINCT DEMOGRAPHIC.""SUBJECT_ID"" ) FROM DEMOGRAPHIC INNER JOIN LAB on DEMOGRAPHIC.HADM_ID = LAB.HADM_ID WHERE DEMOGRAPHIC.""DOD_YEAR"" <= ""2115.0"" AND LAB.""LABEL"" = ""Hyaline Casts""","[(0,)]","[(0,)]"
how many patients are discharged to location home and followed the procedure contr cerebr arteriogram?,SELECT count(DISTINCT T1.SUBJECT_ID) FROM Demographic AS T1 JOIN Procedures AS T2 ON T1.HADM_ID  =  T2.HADM_ID WHERE T1.DISCHARGE_LOCATION  =  'home' AND T2.LONG_TITLE  =  'contr cerebr arteriogram',"SELECT COUNT ( DISTINCT DEMOGRAPHIC.""SUBJECT_ID"" ) FROM DEMOGRAPHIC INNER JOIN PROCEDURES on DEMOGRAPHIC.HADM_ID = PROCEDURES.HADM_ID WHERE DEMOGRAPHIC.""DISCHARGE_LOCATION"" = ""HOME"" AND PROCEDURES.""SHORT_TITLE"" = ""Contr cerebr arteriogram""","[(0,)]","[(2,)]"
provide the age and the health insurance that covers patient with patient id 31066.,"SELECT AGE ,  INSURANCE FROM Demographic WHERE SUBJECT_ID  =  31066","SELECT DEMOGRAPHIC.""AGE"",DEMOGRAPHIC.""INSURANCE"" FROM DEMOGRAPHIC WHERE DEMOGRAPHIC.""SUBJECT_ID"" = ""31066""","[(63, 'Private')]","[(63, 'Private')]"
how many of the patients with urin tract infection nos received additive therapy?,SELECT count(DISTINCT T1.SUBJECT_ID) FROM Demographic AS T1 JOIN Diagnoses AS T2 ON T1.HADM_ID  =  T2.HADM_ID JOIN Prescriptions AS T3 ON T1.HADM_ID  =  T3.HADM_ID WHERE T2.ICD9_CODE  =  'urin tract infection nos' AND T3.DRUG_TYPE  =  'additive therapy',"SELECT COUNT ( DISTINCT DEMOGRAPHIC.""SUBJECT_ID"" ) FROM DEMOGRAPHIC INNER JOIN DIAGNOSES on DEMOGRAPHIC.HADM_ID = DIAGNOSES.HADM_ID INNER JOIN PRESCRIPTIONS on DEMOGRAPHIC.HADM_ID = PRESCRIPTIONS.HADM_ID WHERE DIAGNOSES.""SHORT_TITLE"" = ""Urin tract infection NOS"" AND PRESCRIPTIONS.""DRUG_TYPE"" = ""ADDITIVE""","[(0,)]","[(1,)]"
provide the number of patients admitted before the year 2127 who were discharged at home.,SELECT count(*) FROM Demographic WHERE ADMITTIME  <  2127 AND DISCHARGE_LOCATION  =  'home',"SELECT COUNT ( DISTINCT DEMOGRAPHIC.""SUBJECT_ID"" ) FROM DEMOGRAPHIC WHERE DEMOGRAPHIC.""DISCHARGE_LOCATION"" = ""HOME"" AND DEMOGRAPHIC.""ADMITYEAR"" < ""2127""","[(0,)]","[(9,)]"
what number of widowed patients had lab test named metamyelocytes?,SELECT count(DISTINCT T2.itemid) FROM Demographic AS T1 JOIN Lab AS T2 ON T1.HADM_ID  =  T2.HADM_ID WHERE T1.MARITAL_STATUS  =  'Widowed' AND T2.ITEMID  =  'metamyelocytes',"SELECT COUNT ( DISTINCT DEMOGRAPHIC.""SUBJECT_ID"" ) FROM DEMOGRAPHIC INNER JOIN LAB on DEMOGRAPHIC.HADM_ID = LAB.HADM_ID WHERE DEMOGRAPHIC.""MARITAL_STATUS"" = ""WIDOWED"" AND LAB.""LABEL"" = ""Metamyelocytes""","[(0,)]","[(4,)]"
what is the total number of female patients who are on kidney dialysis due to abnormal reaction or some complication probably during procedure?,SELECT count(DISTINCT T1.SUBJECT_ID) FROM Demographic AS T1 JOIN Lab AS T2 ON T1.SUBJECT_ID  =  T2.SUBJECT_ID WHERE T2.VALUE_UNIT  =  'female' AND T2.LABEL  =  'kidney dialysis' AND T2.FLAG  =  'abnormal reaction' OR T2.FLAG  =  'complication',"SELECT COUNT ( DISTINCT DEMOGRAPHIC.""SUBJECT_ID"" ) FROM DEMOGRAPHIC INNER JOIN DIAGNOSES on DEMOGRAPHIC.HADM_ID = DIAGNOSES.HADM_ID WHERE DEMOGRAPHIC.""GENDER"" = ""F"" AND DIAGNOSES.""LONG_TITLE"" = ""Kidney dialysis as the cause of abnormal reaction of patient, or of later complication, without mention of misadventure at time of procedure""","[(0,)]","[(0,)]"
"Count the number of patients admitted to the hospital before year 2157 whose procedure long title is open reduction of fracture with internal fixation, femur.","SELECT count(DISTINCT T1.SUBJECT_ID) FROM Demographic AS T1 JOIN Procedures AS T2 ON T1.HADM_ID  =  T2.HADM_ID WHERE T1.ADMITTIME  <  2157 AND T2.LONG_TITLE  =  ""open reduction of fracture with internal fixation, femur""","SELECT COUNT ( DISTINCT DEMOGRAPHIC.""SUBJECT_ID"" ) FROM DEMOGRAPHIC INNER JOIN PROCEDURES on DEMOGRAPHIC.HADM_ID = PROCEDURES.HADM_ID WHERE DEMOGRAPHIC.""ADMITYEAR"" < ""2157"" AND PROCEDURES.""LONG_TITLE"" = ""Open reduction of fracture with internal fixation, femur""","[(0,)]","[(1,)]"
"among those who had a labt test for cerebrospinal fluid (csf), calculate the total number of widowed patients ",SELECT count(DISTINCT T1.SUBJECT_ID) FROM Demographic AS T1 JOIN Lab AS T2 ON T1.HADM_ID  =  T2.HADM_ID WHERE T1.MARITAL_STATUS  =  'Widowed' AND T2.ITEMID  =  'cerebrospinal fluid (csf)',"SELECT COUNT ( DISTINCT DEMOGRAPHIC.""SUBJECT_ID"" ) FROM DEMOGRAPHIC INNER JOIN LAB on DEMOGRAPHIC.HADM_ID = LAB.HADM_ID WHERE DEMOGRAPHIC.""MARITAL_STATUS"" = ""WIDOWED"" AND LAB.""FLUID"" = ""Cerebrospinal Fluid (CSF)""","[(0,)]","[(0,)]"
specify icd9 code of patient id 42963,SELECT ICD9_CODE FROM Diagnoses WHERE SUBJECT_ID  =  42963,"SELECT PROCEDURES.""SHORT_TITLE"" FROM PROCEDURES WHERE PROCEDURES.""SUBJECT_ID"" = ""42963""","[('E8859',), ('8738',), ('80126',)]","[('Skin closure NEC',)]"
Calculate the number of unmarried patients who had late effects of cerebrovascular disease (hemiplegia affecting unspecified side),SELECT count(DISTINCT T1.SUBJECT_ID) FROM Demographic AS T1 JOIN Diagnoses AS T2 ON T1.HADM_ID  =  T2.HADM_ID WHERE T1.MARITAL_STATUS  =  'N' AND T2.ICD9_CODE  =  '360.0',"SELECT COUNT ( DISTINCT DEMOGRAPHIC.""SUBJECT_ID"" ) FROM DEMOGRAPHIC INNER JOIN DIAGNOSES on DEMOGRAPHIC.HADM_ID = DIAGNOSES.HADM_ID WHERE DEMOGRAPHIC.""MARITAL_STATUS"" = ""SINGLE"" AND DIAGNOSES.""LONG_TITLE"" = ""Late effects of cerebrovascular disease, hemiplegia affecting unspecified side""","[(0,)]","[(0,)]"
how many black/ african american patients have done the lab test protein/creatinine ratio?,SELECT count(DISTINCT T2.itemid) FROM Demographic AS T1 JOIN Lab AS T2 ON T1.HADM_ID  =  T2.HADM_ID WHERE T2.ITEMID  =  'protein/creatinine ratio' AND T1.ETHNICITY  =  'black/african american',"SELECT COUNT ( DISTINCT DEMOGRAPHIC.""SUBJECT_ID"" ) FROM DEMOGRAPHIC INNER JOIN LAB on DEMOGRAPHIC.HADM_ID = LAB.HADM_ID WHERE DEMOGRAPHIC.""ETHNICITY"" = ""BLACK/AFRICAN AMERICAN"" AND LAB.""LABEL"" = ""Protein/Creatinine Ratio""","[(0,)]","[(0,)]"
how many of the patients who had lab test for oxygen saturation are widowed?,SELECT count(DISTINCT T1.SUBJECT_ID) FROM Lab AS T1 JOIN Demographic AS T2 ON T1.SUBJECT_ID  =  T2.SUBJECT_ID WHERE T1.ITEMID  =  'oxygen saturation' AND T2.MARITAL_STATUS  =  'widowed',"SELECT COUNT ( DISTINCT DEMOGRAPHIC.""SUBJECT_ID"" ) FROM DEMOGRAPHIC INNER JOIN LAB on DEMOGRAPHIC.HADM_ID = LAB.HADM_ID WHERE DEMOGRAPHIC.""MARITAL_STATUS"" = ""WIDOWED"" AND LAB.""LABEL"" = ""Oxygen Saturation""","[(0,)]","[(2,)]"
Provide me the birth date and gender for the patient with patient id 17570.,"SELECT DOB ,  GENDER FROM Demographic WHERE SUBJECT_ID  =  17570","SELECT DEMOGRAPHIC.""DOB"",DEMOGRAPHIC.""GENDER"" FROM DEMOGRAPHIC WHERE DEMOGRAPHIC.""SUBJECT_ID"" = ""17570""","[('2114-12-30 00:00:00', 'M')]","[('2114-12-30 00:00:00', 'M')]"
Specify icd9 code of patient Dawn Cooper along with the admission type. ,"SELECT T2.ICD9_CODE ,  T1.ADMISSION_TYPE FROM Demographic AS T1 JOIN Diagnoses AS T2 ON T1.HADM_ID  =  T2.HADM_ID WHERE T1.NAME  =  'Dawn Cooper' ","SELECT DEMOGRAPHIC.""ADMISSION_TYPE"",PROCEDURES.""SHORT_TITLE"" FROM DEMOGRAPHIC INNER JOIN PROCEDURES on DEMOGRAPHIC.HADM_ID = PROCEDURES.HADM_ID WHERE DEMOGRAPHIC.""NAME"" = ""Dawn Cooper""","[('25011', 'EMERGENCY'), ('2764', 'EMERGENCY'), ('2767', 'EMERGENCY'), ('40391', 'EMERGENCY'), ('41071', 'EMERGENCY'), ('5845', 'EMERGENCY'), ('59080', 'EMERGENCY'), ('99681', 'EMERGENCY')]","[('EMERGENCY', 'Venous cath NEC')]"
give the number of patients whose admission type is urgent and was given the drug aspirin.,SELECT count(DISTINCT T1.SUBJECT_ID) FROM Demographic AS T1 JOIN Prescriptions AS T2 ON T1.HADM_ID  =  T2.HADM_ID WHERE T1.ADMISSION_TYPE  =  'urgent' AND T2.DRUG  =  'aspirin',"SELECT COUNT ( DISTINCT DEMOGRAPHIC.""SUBJECT_ID"" ) FROM DEMOGRAPHIC INNER JOIN PRESCRIPTIONS on DEMOGRAPHIC.HADM_ID = PRESCRIPTIONS.HADM_ID WHERE DEMOGRAPHIC.""ADMISSION_TYPE"" = ""URGENT"" AND PRESCRIPTIONS.""DRUG"" = ""Aspirin""","[(0,)]","[(0,)]"
Calculate the minimum age of white-russian ethnic background patients who were admitted to hospital in or after 2138.,SELECT min(AGE) FROM Demographic WHERE ADMITTIME  >=  2138 AND ETHNICITY  =  'white-russian',"SELECT MIN ( DEMOGRAPHIC.""AGE"" ) FROM DEMOGRAPHIC WHERE DEMOGRAPHIC.""ETHNICITY"" = ""WHITE - RUSSIAN"" AND DEMOGRAPHIC.""ADMITYEAR"" >= ""2138""","[(None,)]","[(27,)]"
"among patients who had initial insertion of transvenous lead [electrode] into ventricle, caclulate the number of those who remained admitted in hospital for more than 9 days.",SELECT count(*) FROM Demographic WHERE ADMISSION_TYPE  =  'transvenous lead [electrode] into ventricle' AND DAYS_STAY  >  9,"SELECT COUNT ( DISTINCT DEMOGRAPHIC.""SUBJECT_ID"" ) FROM DEMOGRAPHIC INNER JOIN PROCEDURES on DEMOGRAPHIC.HADM_ID = PROCEDURES.HADM_ID WHERE DEMOGRAPHIC.""DAYS_STAY"" > ""9"" AND PROCEDURES.""LONG_TITLE"" = ""Initial insertion of transvenous lead [electrode] into ventricle""","[(0,)]","[(1,)]"
Count the number of patients who are on a base type of drug prescription and have been diagnosed with other and unspecified agents primarily affecting the cardiovascular system causing adverse effects in therapeutic use.,SELECT count(DISTINCT T1.SUBJECT_ID) FROM Demographic AS T1 JOIN Prescriptions AS T2 ON T1.SUBJECT_ID  =  T2.SUBJECT_ID JOIN Diagnoses AS T3 ON T1.SUBJECT_ID  =  T3.SUBJECT_ID WHERE T2.DRUG_TYPE  =  'base' AND T3.ICD9_CODE  =  'other' AND T3.ICD9_CODE  =  'unspecified' AND T3.ICD9_CODE  =  'cardiovascular' AND T3.ICD9_CODE  =  'adverse' AND T3.ICD9_CODE  =  'effects',"SELECT COUNT ( DISTINCT DEMOGRAPHIC.""SUBJECT_ID"" ) FROM DEMOGRAPHIC INNER JOIN DIAGNOSES on DEMOGRAPHIC.HADM_ID = DIAGNOSES.HADM_ID INNER JOIN PRESCRIPTIONS on DEMOGRAPHIC.HADM_ID = PRESCRIPTIONS.HADM_ID WHERE DIAGNOSES.""SHORT_TITLE"" = ""Adv eff cardiovasc NEC"" AND PRESCRIPTIONS.""DRUG_TYPE"" = ""BASE""","[(0,)]","[(1,)]"
what is the number of married patients with lab test item id 51382?,SELECT count(DISTINCT T1.SUBJECT_ID) FROM Demographic AS T1 JOIN Lab AS T2 ON T1.HADM_ID  =  T2.HADM_ID WHERE T1.MARITAL_STATUS  =  'married' AND T2.ITEMID  =  51382,"SELECT COUNT ( DISTINCT DEMOGRAPHIC.""SUBJECT_ID"" ) FROM DEMOGRAPHIC INNER JOIN LAB on DEMOGRAPHIC.HADM_ID = LAB.HADM_ID WHERE DEMOGRAPHIC.""MARITAL_STATUS"" = ""MARRIED"" AND LAB.""ITEMID"" = ""51382""","[(0,)]","[(1,)]"
How many of the patients with gangrene as their primary disease received drug via TD route?,SELECT count(DISTINCT T2.HADM_ID) FROM prescriptions AS T1 JOIN diagnoses AS T2 ON T1.HADM_ID  =  T2.HADM_ID WHERE T1.route  =  'TD' AND T2.short_title  =  'Gangrene',"SELECT COUNT ( DISTINCT DEMOGRAPHIC.""SUBJECT_ID"" ) FROM DEMOGRAPHIC INNER JOIN PRESCRIPTIONS on DEMOGRAPHIC.HADM_ID = PRESCRIPTIONS.HADM_ID WHERE DEMOGRAPHIC.""DIAGNOSIS"" = ""GANGRENE"" AND PRESCRIPTIONS.""ROUTE"" = ""TD""","[(0,)]","[(0,)]"
what is the number of patients less than 86 years who underwent other small intestine endoscopy procedure? ,SELECT count(DISTINCT T1.SUBJECT_ID) FROM Demographic AS T1 JOIN Procedures AS T2 ON T1.HADM_ID  =  T2.HADM_ID WHERE T1.AGE  <  86 AND T2.ICD9_CODE  =  '453',"SELECT COUNT ( DISTINCT DEMOGRAPHIC.""SUBJECT_ID"" ) FROM DEMOGRAPHIC INNER JOIN PROCEDURES on DEMOGRAPHIC.HADM_ID = PROCEDURES.HADM_ID WHERE DEMOGRAPHIC.""AGE"" < ""86"" AND PROCEDURES.""SHORT_TITLE"" = ""Sm bowel endoscopy NEC""","[(0,)]","[(1,)]"
how many patients have stayed in the hospital for more than 3 days?,SELECT count(*) FROM Demographic WHERE DAYS_STAY  >  3,"SELECT COUNT ( DISTINCT DEMOGRAPHIC.""SUBJECT_ID"" ) FROM DEMOGRAPHIC WHERE DEMOGRAPHIC.""DAYS_STAY"" > ""3""","[(74,)]","[(74,)]"
"calculate the number of patients having unspecified migraine unspecified, without mention of intractable migraine and status migrainosus, who had abnormal lab test results. ",SELECT count(DISTINCT T1.SUBJECT_ID) FROM Demographic AS T1 JOIN Diagnoses AS T2 ON T1.HADM_ID  =  T2.HADM_ID JOIN Lab AS T3 ON T1.HADM_ID  =  T3.HADM_ID WHERE T2.ICD9_CODE  =  'unspecified' AND T2.ICD9_CODE  =  'migraine' AND T2.ICD9_CODE  !=  'intractable' AND T2.ICD9_CODE  !=  'migrainous' AND T3.FLAG  =  'abnormal',"SELECT COUNT ( DISTINCT DEMOGRAPHIC.""SUBJECT_ID"" ) FROM DEMOGRAPHIC INNER JOIN DIAGNOSES on DEMOGRAPHIC.HADM_ID = DIAGNOSES.HADM_ID INNER JOIN LAB on DEMOGRAPHIC.HADM_ID = LAB.HADM_ID WHERE DIAGNOSES.""LONG_TITLE"" = ""Migraine, unspecified, without mention of intractable migraine without mention of status migrainosus"" AND LAB.""FLAG"" = ""delta""","[(0,)]","[(0,)]"
tell  me the diagnoses icd9 code and type of admission for the patient with patient id 28588.,"SELECT T2.ICD9_CODE ,  T1.ADMISSION_TYPE FROM Demographic AS T1 JOIN Diagnoses AS T2 ON T1.HADM_ID  =  T2.HADM_ID WHERE T1.SUBJECT_ID  =  28588 ","SELECT DEMOGRAPHIC.""ADMISSION_TYPE"",DIAGNOSES.""ICD9_CODE"" FROM DEMOGRAPHIC INNER JOIN DIAGNOSES on DEMOGRAPHIC.HADM_ID = DIAGNOSES.HADM_ID WHERE DEMOGRAPHIC.""SUBJECT_ID"" = ""28588""","[('2449', 'EMERGENCY'), ('25000', 'EMERGENCY'), ('2768', 'EMERGENCY'), ('2948', 'EMERGENCY'), ('30000', 'EMERGENCY'), ('311', 'EMERGENCY'), ('34590', 'EMERGENCY'), ('4019', 'EMERGENCY'), ('41401', 'EMERGENCY'), ('41519', 'EMERGENCY'), ('4260', 'EMERGENCY'), ('42731', 'EMERGENCY'), ('486', 'EMERGENCY'), ('496', 'EMERGENCY'), ('5849', 'EMERGENCY'), ('78820', 'EMERGENCY'), ('9975', 'EMERGENCY'), ('V5861', 'EMERGENCY')]","[('EMERGENCY', '2449'), ('EMERGENCY', '25000'), ('EMERGENCY', '2768'), ('EMERGENCY', '2948'), ('EMERGENCY', '30000'), ('EMERGENCY', '311'), ('EMERGENCY', '34590'), ('EMERGENCY', '4019'), ('EMERGENCY', '41401'), ('EMERGENCY', '41519'), ('EMERGENCY', '4260'), ('EMERGENCY', '42731'), ('EMERGENCY', '486'), ('EMERGENCY', '496'), ('EMERGENCY', '5849'), ('EMERGENCY', '78820'), ('EMERGENCY', '9975'), ('EMERGENCY', 'V5861')]"
Calculate the maximum age of patients admitted to emergency in or after the year 2174.,SELECT max(AGE) FROM Demographic WHERE ADMITTIME  >=  '2174-01-01',"SELECT MAX ( DEMOGRAPHIC.""AGE"" ) FROM DEMOGRAPHIC WHERE DEMOGRAPHIC.""ADMISSION_TYPE"" = ""EMERGENCY"" AND DEMOGRAPHIC.""ADMITYEAR"" >= ""2174""","[(89,)]","[(89,)]"
find the number of patients who had blood fluid lab test and had diagnoses icd9 code 29281.,SELECT count(DISTINCT T1.SUBJECT_ID) FROM Demographic AS T1 JOIN Lab AS T2 ON T1.HADM_ID  =  T2.HADM_ID JOIN Diagnoses AS T3 ON T1.HADM_ID  =  T3.HADM_ID WHERE T2.ITEMID  =  'Blood fluid' AND T3.ICD9_CODE  =  29281,"SELECT COUNT ( DISTINCT DEMOGRAPHIC.""SUBJECT_ID"" ) FROM DEMOGRAPHIC INNER JOIN DIAGNOSES on DEMOGRAPHIC.HADM_ID = DIAGNOSES.HADM_ID INNER JOIN LAB on DEMOGRAPHIC.HADM_ID = LAB.HADM_ID WHERE DIAGNOSES.""ICD9_CODE"" = ""29281"" AND LAB.""FLUID"" = ""Blood""","[(0,)]","[(1,)]"
what is the number of elective hospital admission patients who have procedure icd9 code 4611?,SELECT count(DISTINCT T1.HADM_ID) FROM Demographic AS T1 JOIN Procedures AS T2 ON T1.HADM_ID  =  T2.HADM_ID WHERE T2.ICD9_CODE  =  4611,"SELECT COUNT ( DISTINCT DEMOGRAPHIC.""SUBJECT_ID"" ) FROM DEMOGRAPHIC INNER JOIN PROCEDURES on DEMOGRAPHIC.HADM_ID = PROCEDURES.HADM_ID WHERE DEMOGRAPHIC.""ADMISSION_TYPE"" = ""ELECTIVE"" AND PROCEDURES.""ICD9_CODE"" = ""4611""","[(1,)]","[(0,)]"
find the number of patients categorized under chemistry lab test who had diagnoses icd9 code 6824.,SELECT count(DISTINCT T1.subject_id) FROM lab AS T1 JOIN diagnoses AS T2 ON T1.subject_id  =  T2.subject_id AND T1.hadm_id  =  T2.hadm_id WHERE T1.itemid  =  'chemistry lab test' AND T2.icd9_code  =  6824,"SELECT COUNT ( DISTINCT DEMOGRAPHIC.""SUBJECT_ID"" ) FROM DEMOGRAPHIC INNER JOIN DIAGNOSES on DEMOGRAPHIC.HADM_ID = DIAGNOSES.HADM_ID INNER JOIN LAB on DEMOGRAPHIC.HADM_ID = LAB.HADM_ID WHERE DIAGNOSES.""ICD9_CODE"" = ""6824"" AND LAB.""CATEGORY"" = ""Chemistry""","[(0,)]","[(1,)]"
find the number of patients taking drug via sl route who have been diagnosed with benign neoplasm of spinal meninges.,SELECT count(DISTINCT T1.SUBJECT_ID) FROM Demographic AS T1 JOIN Prescriptions AS T2 ON T1.HADM_ID  =  T2.HADM_ID JOIN Diagnoses AS T3 ON T1.HADM_ID  =  T3.HADM_ID WHERE T2.ROUTE  =  'sl' AND T3.ICD9_CODE  =  'benign neoplasm of spinal meninges',"SELECT COUNT ( DISTINCT DEMOGRAPHIC.""SUBJECT_ID"" ) FROM DEMOGRAPHIC INNER JOIN DIAGNOSES on DEMOGRAPHIC.HADM_ID = DIAGNOSES.HADM_ID INNER JOIN PRESCRIPTIONS on DEMOGRAPHIC.HADM_ID = PRESCRIPTIONS.HADM_ID WHERE DIAGNOSES.""LONG_TITLE"" = ""Benign neoplasm of spinal meninges"" AND PRESCRIPTIONS.""ROUTE"" = ""SL""","[(0,)]","[(0,)]"
specify the admission location of subject name edward schafer.,SELECT ADMISSION_LOCATION FROM Demographic WHERE NAME  =  'edward schafer',"SELECT DEMOGRAPHIC.""ADMISSION_LOCATION"" FROM DEMOGRAPHIC WHERE DEMOGRAPHIC.""NAME"" = ""Edward Schafer""",[],"[('EMERGENCY ROOM ADMIT',)]"
find the maximum days of hospital stay for patients admitted in or after the year 2182.,SELECT max(DAYS_STAY) FROM Demographic WHERE ADMITTIME  >=  2182,"SELECT MAX ( DEMOGRAPHIC.""DAYS_STAY"" ) FROM DEMOGRAPHIC WHERE DEMOGRAPHIC.""ADMITYEAR"" >= ""2182""","[(27,)]","[(27,)]"
What number of patients who were diagnosed under diagnoses icd9 code 42613 had a lab test category of hamatology?,"SELECT count(DISTINCT T1.SUBJECT_ID) FROM Demographic AS T1 JOIN Diagnoses AS T2 ON T1.HADM_ID  =  T2.HADM_ID JOIN Lab AS T3 ON T1.HADM_ID  =  T3.HADM_ID WHERE T2.ICD9_CODE  =  42613 AND T3.CATEGORY  =  ""hamatology""","SELECT COUNT ( DISTINCT DEMOGRAPHIC.""SUBJECT_ID"" ) FROM DEMOGRAPHIC INNER JOIN DIAGNOSES on DEMOGRAPHIC.HADM_ID = DIAGNOSES.HADM_ID INNER JOIN LAB on DEMOGRAPHIC.HADM_ID = LAB.HADM_ID WHERE DIAGNOSES.""ICD9_CODE"" = ""42613"" AND LAB.""CATEGORY"" = ""Hematology""","[(0,)]","[(1,)]"
What is the total number of alzheimer's disease patients insured by the government?,SELECT count(*) FROM Demographic WHERE INSURANCE  =  'government' AND DIAGNOSIS  =  'Alzheimer''s disease',"SELECT COUNT ( DISTINCT DEMOGRAPHIC.""SUBJECT_ID"" ) FROM DEMOGRAPHIC INNER JOIN DIAGNOSES on DEMOGRAPHIC.HADM_ID = DIAGNOSES.HADM_ID WHERE DEMOGRAPHIC.""INSURANCE"" = ""Government"" AND DIAGNOSES.""LONG_TITLE"" = ""Alzheimer's disease""","[(0,)]","[(0,)]"
how many patients are diagnosed with primary disease squamous cell carcinoma oral tongue/sda and born before 2170?,SELECT count(DISTINCT T1.SUBJECT_ID) FROM Demographic AS T1 JOIN Diagnoses AS T2 ON T1.HADM_ID  =  T2.HADM_ID WHERE T1.DOB_YEAR  <  2170 AND T2.ICD9_CODE  =  'squamous cell carcinoma oral tongue/sda',"SELECT COUNT ( DISTINCT DEMOGRAPHIC.""SUBJECT_ID"" ) FROM DEMOGRAPHIC WHERE DEMOGRAPHIC.""DIAGNOSIS"" = ""SQUAMOUS CELL CARCINOMA ORAL TONGUE/SDA"" AND DEMOGRAPHIC.""DOB_YEAR"" < ""2170""","[(0,)]","[(1,)]"
how many living patients have procedure icd9 code 540?,SELECT count(DISTINCT T1.SUBJECT_ID) FROM Demographic AS T1 JOIN Procedures AS T2 ON T1.HADM_ID  =  T2.HADM_ID WHERE T2.ICD9_CODE  =  540,"SELECT COUNT ( DISTINCT DEMOGRAPHIC.""SUBJECT_ID"" ) FROM DEMOGRAPHIC INNER JOIN PROCEDURES on DEMOGRAPHIC.HADM_ID = PROCEDURES.HADM_ID WHERE DEMOGRAPHIC.""EXPIRE_FLAG"" = ""0"" AND PROCEDURES.""ICD9_CODE"" = ""540""","[(1,)]","[(1,)]"
what number of patients had the procedure named opn mitral valvuloplasty and were discharged from home health care?,SELECT count(DISTINCT T1.SUBJECT_ID) FROM Demographic AS T1 JOIN Procedures AS T2 ON T1.HADM_ID  =  T2.HADM_ID WHERE T1.ADMISSION_TYPE  =  'home health care' AND T2.LONG_TITLE  =  'opn mitral valvuloplasty',"SELECT COUNT ( DISTINCT DEMOGRAPHIC.""SUBJECT_ID"" ) FROM DEMOGRAPHIC INNER JOIN PROCEDURES on DEMOGRAPHIC.HADM_ID = PROCEDURES.HADM_ID WHERE DEMOGRAPHIC.""DISCHARGE_LOCATION"" = ""HOME HEALTH CARE"" AND PROCEDURES.""SHORT_TITLE"" = ""Opn mitral valvuloplasty""","[(0,)]","[(0,)]"
give me the number of jewish patients who were admitted to hospital before the year 2145.,SELECT count(*) FROM Demographic WHERE ETHNICITY  =  'Jewish' AND ADMITTIME  <  2145,"SELECT COUNT ( DISTINCT DEMOGRAPHIC.""SUBJECT_ID"" ) FROM DEMOGRAPHIC WHERE DEMOGRAPHIC.""RELIGION"" = ""JEWISH"" AND DEMOGRAPHIC.""ADMITYEAR"" < ""2145""","[(0,)]","[(2,)]"
what is the gender and insurance of subject id 81923?,"SELECT GENDER ,  INSURANCE FROM Demographic WHERE SUBJECT_ID  =  81923","SELECT DEMOGRAPHIC.""GENDER"",DEMOGRAPHIC.""INSURANCE"" FROM DEMOGRAPHIC WHERE DEMOGRAPHIC.""SUBJECT_ID"" = ""81923""","[('M', 'Medicaid')]","[('M', 'Medicaid')]"
Specify the maximum age of patients who were admitted to the hospital in or after the year 2187 and stayed for 34 days,SELECT max(AGE) FROM Demographic WHERE ADMITTIME  >=  '2187-01-01' AND DAYS_STAY  =  34,"SELECT MAX ( DEMOGRAPHIC.""AGE"" ) FROM DEMOGRAPHIC WHERE DEMOGRAPHIC.""DAYS_STAY"" = ""34"" AND DEMOGRAPHIC.""ADMITYEAR"" >= ""2187""","[(None,)]","[(None,)]"
find the number of patients whose diagnoses short title is crbl art ocl nos w infrc and lab test result is abnormal.,SELECT count(DISTINCT T1.SUBJECT_ID) FROM Demographic AS T1 JOIN Diagnoses AS T2 ON T1.HADM_ID  =  T2.HADM_ID JOIN Lab AS T3 ON T1.HADM_ID  =  T3.HADM_ID WHERE T2.SHORT_TITLE  =  'crbl art ocl nos w infrc' AND T3.VALUE_UNIT  =  'abnormal',"SELECT COUNT ( DISTINCT DEMOGRAPHIC.""SUBJECT_ID"" ) FROM DEMOGRAPHIC INNER JOIN DIAGNOSES on DEMOGRAPHIC.HADM_ID = DIAGNOSES.HADM_ID INNER JOIN LAB on DEMOGRAPHIC.HADM_ID = LAB.HADM_ID WHERE DIAGNOSES.""SHORT_TITLE"" = ""Crbl art ocl NOS w infrc"" AND LAB.""FLAG"" = ""abnormal""","[(0,)]","[(2,)]"
Find the number of elective hospital admission patients who have a famvir drug prescription.,SELECT count(DISTINCT T1.SUBJECT_ID) FROM Demographic AS T1 JOIN Prescriptions AS T2 ON T1.HADM_ID  =  T2.HADM_ID WHERE T2.DRUG  =  'famvir',"SELECT COUNT ( DISTINCT DEMOGRAPHIC.""SUBJECT_ID"" ) FROM DEMOGRAPHIC INNER JOIN PRESCRIPTIONS on DEMOGRAPHIC.HADM_ID = PRESCRIPTIONS.HADM_ID WHERE DEMOGRAPHIC.""ADMISSION_TYPE"" = ""ELECTIVE"" AND PRESCRIPTIONS.""DRUG"" = ""Famvir""","[(0,)]","[(0,)]"
calculate the number of patients aged below 86 who had an infusion of vasopressor,SELECT count(DISTINCT T1.SUBJECT_ID) FROM Demographic AS T1 JOIN Lab AS T2 ON T1.HADM_ID  =  T2.HADM_ID WHERE T1.AGE  <  86 AND T2.ITEMID  =  'vasopressor',"SELECT COUNT ( DISTINCT DEMOGRAPHIC.""SUBJECT_ID"" ) FROM DEMOGRAPHIC INNER JOIN PROCEDURES on DEMOGRAPHIC.HADM_ID = PROCEDURES.HADM_ID WHERE DEMOGRAPHIC.""AGE"" < ""86"" AND PROCEDURES.""SHORT_TITLE"" = ""Infusion of vasopressor""","[(0,)]","[(3,)]"
"find how many patients had admission location as clinic referral/premature and primary disease as sigmoid diverticulitis, colovestical fistula/sda.",SELECT count(DISTINCT T1.SUBJECT_ID) FROM Demographic AS T1 JOIN Diagnoses AS T2 ON T1.SUBJECT_ID  =  T2.SUBJECT_ID WHERE T1.ADMISSION_LOCATION  =  'clinic referral/premature' AND T2.LONG_TITLE  =  'sigmoid diverticulitis' OR T2.LONG_TITLE  =  'colovestical fistula/sda',"SELECT COUNT ( DISTINCT DEMOGRAPHIC.""SUBJECT_ID"" ) FROM DEMOGRAPHIC WHERE DEMOGRAPHIC.""ADMISSION_LOCATION"" = ""CLINIC REFERRAL/PREMATURE"" AND DEMOGRAPHIC.""DIAGNOSIS"" = ""SIGMOID DIVERTICULITIS, COLOVESTICAL FISTULA/SDA""","[(0,)]","[(0,)]"
"Out of total number of patients, how many of the newborn (as primary disease) had icd9 code 5361",SELECT count(DISTINCT T1.SUBJECT_ID) FROM Demographic AS T1 JOIN Diagnoses AS T2 ON T1.HADM_ID  =  T2.HADM_ID WHERE T2.ICD9_CODE  =  5361,"SELECT COUNT ( DISTINCT DEMOGRAPHIC.""SUBJECT_ID"" ) FROM DEMOGRAPHIC INNER JOIN PROCEDURES on DEMOGRAPHIC.HADM_ID = PROCEDURES.HADM_ID WHERE DEMOGRAPHIC.""DIAGNOSIS"" = ""NEWBORN"" AND PROCEDURES.""ICD9_CODE"" = ""5361""","[(0,)]","[(0,)]"
calculate the number of patients born in the year less than 2197 and had neutropenia nos,SELECT count(DISTINCT T1.SUBJECT_ID) FROM Demographic AS T1 JOIN Diagnoses AS T2 ON T1.HADM_ID  =  T2.HADM_ID WHERE T1.DOB_YEAR  <  2197 AND T2.ICD9_CODE  =  'neutropenia nos',"SELECT COUNT ( DISTINCT DEMOGRAPHIC.""SUBJECT_ID"" ) FROM DEMOGRAPHIC INNER JOIN DIAGNOSES on DEMOGRAPHIC.HADM_ID = DIAGNOSES.HADM_ID WHERE DEMOGRAPHIC.""DOB_YEAR"" < ""2197"" AND DIAGNOSES.""SHORT_TITLE"" = ""Neutropenia NOS""","[(0,)]","[(1,)]"
"Among patients admitted before the year 2176, how many had squamous cell carcinoma oral tongue (sda) as their primary disease?",SELECT count(DISTINCT T1.SUBJECT_ID) FROM Demographic AS T1 JOIN Diagnoses AS T2 ON T1.HADM_ID  =  T2.HADM_ID WHERE T1.ADMITTIME  <  2176 AND T2.ICD9_CODE  =  'squamous cell carcinoma oral tongue (sda)',"SELECT COUNT ( DISTINCT DEMOGRAPHIC.""SUBJECT_ID"" ) FROM DEMOGRAPHIC WHERE DEMOGRAPHIC.""DIAGNOSIS"" = ""SQUAMOUS CELL CARCINOMA ORAL TONGUE/SDA"" AND DEMOGRAPHIC.""ADMITYEAR"" < ""2176""","[(0,)]","[(1,)]"
find out the minimum age of urgent hospital admission patients who were born after 2089.,SELECT min(AGE) FROM Demographic WHERE DOB_YEAR  >  2089,"SELECT MIN ( DEMOGRAPHIC.""AGE"" ) FROM DEMOGRAPHIC WHERE DEMOGRAPHIC.""ADMISSION_TYPE"" = ""URGENT"" AND DEMOGRAPHIC.""DOB_YEAR"" > ""2089""","[(0,)]","[(None,)]"
What is the admission location and number of days of hospital stay for subject id 55094?,"SELECT ADMISSION_LOCATION ,  DAYS_STAY FROM Demographic WHERE SUBJECT_ID  =  55094","SELECT DEMOGRAPHIC.""DAYS_STAY"",DEMOGRAPHIC.""ADMISSION_LOCATION"" FROM DEMOGRAPHIC WHERE DEMOGRAPHIC.""SUBJECT_ID"" = ""55094""","[('CLINIC REFERRAL/PREMATURE', 23)]","[(23, 'CLINIC REFERRAL/PREMATURE')]"
How many patients with item id 51438 were married?,SELECT count(DISTINCT T1.SUBJECT_ID) FROM Lab AS T1 JOIN Demographic AS T2 ON T1.SUBJECT_ID  =  T2.SUBJECT_ID WHERE T1.ITEMID  =  51438 AND T2.MARITAL_STATUS  =  'married',"SELECT COUNT ( DISTINCT DEMOGRAPHIC.""SUBJECT_ID"" ) FROM DEMOGRAPHIC INNER JOIN LAB on DEMOGRAPHIC.HADM_ID = LAB.HADM_ID WHERE DEMOGRAPHIC.""MARITAL_STATUS"" = ""MARRIED"" AND LAB.""ITEMID"" = ""51438""","[(0,)]","[(1,)]"
how many patients admitted before the year 2177 had implant of pulsation balloon?,SELECT count(DISTINCT T1.SUBJECT_ID) FROM Demographic AS T1 JOIN Lab AS T2 ON T1.SUBJECT_ID  =  T2.SUBJECT_ID WHERE T1.ADMITTIME  <  2177 AND T2.ITEMID  =  'Implant of pulsation balloon',"SELECT COUNT ( DISTINCT DEMOGRAPHIC.""SUBJECT_ID"" ) FROM DEMOGRAPHIC INNER JOIN PROCEDURES on DEMOGRAPHIC.HADM_ID = PROCEDURES.HADM_ID WHERE DEMOGRAPHIC.""ADMITYEAR"" < ""2177"" AND PROCEDURES.""LONG_TITLE"" = ""Implant of pulsation balloon""","[(0,)]","[(3,)]"
how many female patients had joint replaced knee?,SELECT count(DISTINCT T1.SUBJECT_ID) FROM Demographic AS T1 JOIN Procedures AS T2 ON T1.HADM_ID  =  T2.HADM_ID WHERE T1.GENDER  =  'female' AND T2.ICD9_CODE  =  'joint replaced knee',"SELECT COUNT ( DISTINCT DEMOGRAPHIC.""SUBJECT_ID"" ) FROM DEMOGRAPHIC INNER JOIN DIAGNOSES on DEMOGRAPHIC.HADM_ID = DIAGNOSES.HADM_ID WHERE DEMOGRAPHIC.""GENDER"" = ""F"" AND DIAGNOSES.""SHORT_TITLE"" = ""Joint replaced knee""","[(0,)]","[(0,)]"
Find the number of patients who have undergone the procedure called infusion of vasopressor agent that have english as their preferred language.,SELECT count(DISTINCT T1.SUBJECT_ID) FROM Demographic AS T1 JOIN Procedures AS T2 ON T1.HADM_ID  =  T2.HADM_ID WHERE T1.LANGUAGE  =  'english' AND T2.ICD9_CODE  =  'infusion of vasopressor agent',"SELECT COUNT ( DISTINCT DEMOGRAPHIC.""SUBJECT_ID"" ) FROM DEMOGRAPHIC INNER JOIN PROCEDURES on DEMOGRAPHIC.HADM_ID = PROCEDURES.HADM_ID WHERE DEMOGRAPHIC.""LANGUAGE"" = ""ENGL"" AND PROCEDURES.""LONG_TITLE"" = ""Infusion of vasopressor agent""","[(0,)]","[(1,)]"
count the number of patients with lab test item id 50801.,SELECT count(DISTINCT Demographic.SUBJECT_ID) FROM Demographic JOIN Lab ON Demographic.HADM_ID = Lab.HADM_ID WHERE Lab.ITEMID  =  50801,"SELECT COUNT ( DISTINCT DEMOGRAPHIC.""SUBJECT_ID"" ) FROM DEMOGRAPHIC INNER JOIN LAB on DEMOGRAPHIC.HADM_ID = LAB.HADM_ID WHERE LAB.""ITEMID"" = ""50801""","[(9,)]","[(9,)]"
how many divorced patients have celo-vessicle fistula primary disease?,SELECT count(DISTINCT T1.SUBJECT_ID) FROM Demographic AS T1 JOIN Diagnoses AS T2 ON T1.HADM_ID  =  T2.HADM_ID WHERE T1.MARITAL_STATUS  =  'divorced' AND T2.SHORT_TITLE  =  'celo-vessicle fistula',"SELECT COUNT ( DISTINCT DEMOGRAPHIC.""SUBJECT_ID"" ) FROM DEMOGRAPHIC WHERE DEMOGRAPHIC.""MARITAL_STATUS"" = ""DIVORCED"" AND DEMOGRAPHIC.""DIAGNOSIS"" = ""CELO-VESSICLE FISTULA""","[(0,)]","[(1,)]"
what number of patients with whose lab test result is abnormal had the diagnoses titled ocl crtd art wo infrct?,SELECT count(DISTINCT T1.SUBJECT_ID) FROM Demographic AS T1 JOIN Lab AS T2 ON T1.HADM_ID  =  T2.HADM_ID JOIN Diagnoses AS T3 ON T1.HADM_ID  =  T3.HADM_ID WHERE T2.FLAG  =  'abnormal' AND T3.SHORT_TITLE  =  'ocl crtd art wo infrct',"SELECT COUNT ( DISTINCT DEMOGRAPHIC.""SUBJECT_ID"" ) FROM DEMOGRAPHIC INNER JOIN DIAGNOSES on DEMOGRAPHIC.HADM_ID = DIAGNOSES.HADM_ID INNER JOIN LAB on DEMOGRAPHIC.HADM_ID = LAB.HADM_ID WHERE DIAGNOSES.""SHORT_TITLE"" = ""Ocl crtd art wo infrct"" AND LAB.""FLAG"" = ""abnormal""","[(0,)]","[(1,)]"
how many patients are with admission type urgent and with procedure spinal tap?,SELECT count(DISTINCT T1.SUBJECT_ID) FROM Demographic AS T1 JOIN Procedures AS T2 ON T1.HADM_ID  =  T2.HADM_ID WHERE T1.ADMISSION_TYPE  =  'urgent' AND T2.ICD9_CODE  =  'spinal tap',"SELECT COUNT ( DISTINCT DEMOGRAPHIC.""SUBJECT_ID"" ) FROM DEMOGRAPHIC INNER JOIN PROCEDURES on DEMOGRAPHIC.HADM_ID = PROCEDURES.HADM_ID WHERE DEMOGRAPHIC.""ADMISSION_TYPE"" = ""URGENT"" AND PROCEDURES.""SHORT_TITLE"" = ""Spinal tap""","[(0,)]","[(0,)]"
how many patients who stayed in the hospital for one or more than one day(s) were given tramadol?,SELECT count(DISTINCT T1.SUBJECT_ID) FROM Demographic AS T1 JOIN Prescriptions AS T2 ON T1.HADM_ID  =  T2.HADM_ID WHERE T1.DAYS_STAY  >  1 AND T2.DRUG  =  'tramadol',"SELECT COUNT ( DISTINCT DEMOGRAPHIC.""SUBJECT_ID"" ) FROM DEMOGRAPHIC INNER JOIN PRESCRIPTIONS on DEMOGRAPHIC.HADM_ID = PRESCRIPTIONS.HADM_ID WHERE DEMOGRAPHIC.""DAYS_STAY"" > ""0"" AND PRESCRIPTIONS.""DRUG"" = ""traMADOL""","[(0,)]","[(1,)]"
count the number of patients whose primary disease is ruq pain and who have died in or before the year 2164.,SELECT count(DISTINCT T1.SUBJECT_ID) FROM Demographic AS T1 JOIN Diagnoses AS T2 ON T1.HADM_ID  =  T2.HADM_ID WHERE T1.DOD_YEAR  <=  2164 AND T2.ICD9_CODE  =  'ruq pain',"SELECT COUNT ( DISTINCT DEMOGRAPHIC.""SUBJECT_ID"" ) FROM DEMOGRAPHIC WHERE DEMOGRAPHIC.""DIAGNOSIS"" = ""RUQ PAIN"" AND DEMOGRAPHIC.""DOD_YEAR"" <= ""2164.0""","[(0,)]","[(1,)]"
what is the average age of married patients who are of 43 years of age or more?,SELECT avg(AGE) FROM Demographic WHERE AGE  >=  43 AND MARITAL_STATUS  =  'married',"SELECT AVG ( DEMOGRAPHIC.""AGE"" ) FROM DEMOGRAPHIC WHERE DEMOGRAPHIC.""MARITAL_STATUS"" = ""MARRIED"" AND DEMOGRAPHIC.""AGE"" >= ""43""","[(None,)]","[(64.31428571428572,)]"
Provide the number of american indian/alaska native ethnic background patients who had a pco2 lab test.,SELECT count(DISTINCT T1.SUBJECT_ID) FROM Demographic AS T1 JOIN Lab AS T2 ON T1.HADM_ID  =  T2.HADM_ID WHERE T1.ETHNICITY  =  'American Indian/Alaska Native' AND T2.ITEMID  =  'pco2',"SELECT COUNT ( DISTINCT DEMOGRAPHIC.""SUBJECT_ID"" ) FROM DEMOGRAPHIC INNER JOIN LAB on DEMOGRAPHIC.HADM_ID = LAB.HADM_ID WHERE DEMOGRAPHIC.""ETHNICITY"" = ""AMERICAN INDIAN/ALASKA NATIVE"" AND LAB.""LABEL"" = ""pCO2""","[(0,)]","[(0,)]"
How many female patients are diagnosed with ulcer of heel & mid foot?,SELECT count(DISTINCT T1.SUBJECT_ID) FROM Demographic AS T1 JOIN Diagnoses AS T2 ON T1.HADM_ID  =  T2.HADM_ID WHERE T2.ICD9_CODE  =  'female' AND T2.ICD9_CODE  =  'ulcer of heel & mid foot',"SELECT COUNT ( DISTINCT DEMOGRAPHIC.""SUBJECT_ID"" ) FROM DEMOGRAPHIC INNER JOIN DIAGNOSES on DEMOGRAPHIC.HADM_ID = DIAGNOSES.HADM_ID WHERE DEMOGRAPHIC.""GENDER"" = ""F"" AND DIAGNOSES.""SHORT_TITLE"" = ""Ulcer of heel & midfoot""","[(0,)]","[(1,)]"
what is the number of government health insurance patients who had radical cystectomy?,SELECT count(DISTINCT T1.SUBJECT_ID) FROM Demographic AS T1 JOIN Procedures AS T2 ON T1.HADM_ID  =  T2.HADM_ID WHERE T1.INSURANCE  =  'Government Health Insurance' AND T2.LONG_TITLE  =  'RADICAL CYSTECTOMY',"SELECT COUNT ( DISTINCT DEMOGRAPHIC.""SUBJECT_ID"" ) FROM DEMOGRAPHIC INNER JOIN PROCEDURES on DEMOGRAPHIC.HADM_ID = PROCEDURES.HADM_ID WHERE DEMOGRAPHIC.""INSURANCE"" = ""Government"" AND PROCEDURES.""LONG_TITLE"" = ""Radical cystectomy""","[(0,)]","[(0,)]"
give the number of patients whose admission year is less than 2182 and who have also had the c4 lab test done.,SELECT count(DISTINCT T1.SUBJECT_ID) FROM Demographic AS T1 JOIN Lab AS T2 ON T1.HADM_ID  =  T2.HADM_ID WHERE T1.ADMITYEAR  <  2182 AND T2.ITEMID  =  'c4',"SELECT COUNT ( DISTINCT DEMOGRAPHIC.""SUBJECT_ID"" ) FROM DEMOGRAPHIC INNER JOIN LAB on DEMOGRAPHIC.HADM_ID = LAB.HADM_ID WHERE DEMOGRAPHIC.""ADMITYEAR"" < ""2182"" AND LAB.""LABEL"" = ""C4""","[(0,)]","[(1,)]"
what is the number of patients less than 43 years who have transplant self medication program?,SELECT count(DISTINCT T1.SUBJECT_ID) FROM Demographic AS T1 JOIN Lab AS T2 ON T1.HADM_ID  =  T2.HADM_ID WHERE T1.AGE  <  43 AND T2.LABEL  =  'transplant self medication program',"SELECT COUNT ( DISTINCT DEMOGRAPHIC.""SUBJECT_ID"" ) FROM DEMOGRAPHIC INNER JOIN PRESCRIPTIONS on DEMOGRAPHIC.HADM_ID = PRESCRIPTIONS.HADM_ID WHERE DEMOGRAPHIC.""AGE"" < ""43"" AND PRESCRIPTIONS.""DRUG"" = ""Transplant Self Medication Program""","[(0,)]","[(0,)]"
let me know the number of patients less than 51 years who have complete heart block primary disease.,"SELECT count(DISTINCT T1.SUBJECT_ID) FROM Demographic AS T1 JOIN Diagnoses AS T2 ON T1.HADM_ID  =  T2.HADM_ID WHERE T1.AGE  <  51 AND T2.ICD9_CODE  =  ""complete heart block""","SELECT COUNT ( DISTINCT DEMOGRAPHIC.""SUBJECT_ID"" ) FROM DEMOGRAPHIC WHERE DEMOGRAPHIC.""DIAGNOSIS"" = ""COMPLETE HEART BLOCK"" AND DEMOGRAPHIC.""AGE"" < ""51""","[(0,)]","[(0,)]"
how many patients born before the year 2123 had lab test named immunoglobulin a?,SELECT count(DISTINCT T2.LABEL) FROM Demographic AS T1 JOIN lab AS T2 ON T1.HADM_ID  =  T2.HADM_ID WHERE T2.LABEL  =  'immunoglobulin a' AND T1.DOB_YEAR  <  2123,"SELECT COUNT ( DISTINCT DEMOGRAPHIC.""SUBJECT_ID"" ) FROM DEMOGRAPHIC INNER JOIN LAB on DEMOGRAPHIC.HADM_ID = LAB.HADM_ID WHERE DEMOGRAPHIC.""DOB_YEAR"" < ""2123"" AND LAB.""LABEL"" = ""Immunoglobulin A""","[(0,)]","[(2,)]"
how many patients are admitted in clinic referral/premature and lab tested with lab item id 50976?,SELECT count(DISTINCT T1.SUBJECT_ID) FROM Demographic AS T1 JOIN Lab AS T2 ON T1.HADM_ID  =  T2.HADM_ID WHERE T1.ADMISSION_TYPE  =  'clinic referral/premature' AND T2.ITEMID  =  50976,"SELECT COUNT ( DISTINCT DEMOGRAPHIC.""SUBJECT_ID"" ) FROM DEMOGRAPHIC INNER JOIN LAB on DEMOGRAPHIC.HADM_ID = LAB.HADM_ID WHERE DEMOGRAPHIC.""ADMISSION_LOCATION"" = ""CLINIC REFERRAL/PREMATURE"" AND LAB.""ITEMID"" = ""50976""","[(0,)]","[(2,)]"
What number of patients with their lab test name as amylase were discharged at home health care?,SELECT count(DISTINCT T1.SUBJECT_ID) FROM Demographic AS T1 JOIN Lab AS T2 ON T1.HADM_ID  =  T2.HADM_ID WHERE T1.ADMISSION_TYPE  =  'home health care' AND T2.ITEMID  =  'amylase',"SELECT COUNT ( DISTINCT DEMOGRAPHIC.""SUBJECT_ID"" ) FROM DEMOGRAPHIC INNER JOIN LAB on DEMOGRAPHIC.HADM_ID = LAB.HADM_ID WHERE DEMOGRAPHIC.""DISCHARGE_LOCATION"" = ""HOME HEALTH CARE"" AND LAB.""LABEL"" = ""Amylase""","[(0,)]","[(10,)]"
How many patients with brain mass intracranial hemorrhage as their primary disease had delta an abnormal lab test status?,SELECT count(DISTINCT T2.flag) FROM Demographic AS T1 JOIN Lab AS T2 ON T1.HADM_ID  =  T2.HADM_ID WHERE T2.FLAG  =  'abnormal' AND T1.DIAGNOSIS  =  'Brain mass intracranial hemorrhage',"SELECT COUNT ( DISTINCT DEMOGRAPHIC.""SUBJECT_ID"" ) FROM DEMOGRAPHIC INNER JOIN LAB on DEMOGRAPHIC.HADM_ID = LAB.HADM_ID WHERE DEMOGRAPHIC.""DIAGNOSIS"" = ""BRAIN MASS;INTRACRANIAL HEMORRHAGE"" AND LAB.""FLAG"" = ""delta""","[(0,)]","[(0,)]"
Which patients were ordered  a wbc lab test?,SELECT T1.SUBJECT_ID FROM Demographic AS T1 JOIN Lab AS T2 ON T1.HADM_ID  =  T2.HADM_ID WHERE T2.ITEMID  =  'wbc',"SELECT COUNT ( DISTINCT DEMOGRAPHIC.""SUBJECT_ID"" ) FROM DEMOGRAPHIC INNER JOIN LAB on DEMOGRAPHIC.HADM_ID = LAB.HADM_ID WHERE LAB.""LABEL"" = ""WBC""",[],"[(49,)]"
how many patients admission location is transferred within this facility with the birth year before 2089?,SELECT count(*) FROM Demographic WHERE ADMISSION_LOCATION  =  'TRANSFER FROM HOSPITAL WITHIN FACILITY' AND DOB_YEAR  <  2089,"SELECT COUNT ( DISTINCT DEMOGRAPHIC.""SUBJECT_ID"" ) FROM DEMOGRAPHIC WHERE DEMOGRAPHIC.""ADMISSION_LOCATION"" = ""TRSF WITHIN THIS FACILITY"" AND DEMOGRAPHIC.""DOB_YEAR"" < ""2089""","[(0,)]","[(1,)]"
